{
  "mean": [
    10.4,
    42.4,
    48.8,
    59.6,
    54.0,
    58.8,
    53.6,
    45.6,
    54.8,
    56.4,
    58.0,
    48.0,
    51.2,
    60.4,
    64.4,
    63.6,
    67.6,
    68.4,
    66.0,
    60.0,
    68.4,
    56.0,
    66.8,
    73.6,
    73.6,
    70.4,
    69.2,
    71.2,
    70.8,
    78.0,
    80.4,
    70.8,
    79.6,
    80.8,
    82.8,
    88.8,
    82.0,
    88.8,
    82.4,
    85.6,
    98.4,
    87.2,
    93.6,
    95.2,
    86.8,
    93.2,
    96.8,
    103.2,
    103.2,
    100.8,
    98.4,
    99.6,
    100.8,
    103.2,
    105.2,
    102.8,
    100.4,
    104.8,
    99.6,
    108.8,
    102.8,
    103.6,
    109.2,
    102.4,
    115.2,
    104.4,
    104.8,
    106.4,
    106.4,
    105.2,
    107.2,
    112.0,
    109.2,
    110.4,
    110.0,
    115.2,
    104.0,
    110.4,
    106.0,
    103.6,
    110.4,
    116.4,
    108.0,
    114.8,
    112.8,
    112.0,
    110.8,
    112.4,
    112.8,
    116.8,
    116.4,
    116.8,
    118.8,
    116.8,
    112.8,
    119.2,
    115.6,
    114.0,
    114.4,
    117.2
  ],
  "std": [
    5.986651818838307,
    8.138795979750322,
    5.3065996645686395,
    11.056219968868202,
    9.2951600308978,
    15.829087149927505,
    13.705473359209451,
    10.071742649611338,
    10.166612021711067,
    7.310266752998826,
    6.928203230275509,
    4.381780460041329,
    16.0299719276111,
    5.122499389946279,
    19.652989594461197,
    11.825396399275586,
    14.164744967700617,
    12.2245654319489,
    16.34625339336204,
    15.798734126505199,
    17.130090484291085,
    9.465727652959385,
    13.059862173851606,
    12.026637102698327,
    13.763720427268202,
    3.6660605559646724,
    17.325126262166172,
    7.222188034107115,
    11.634431657799189,
    18.676188047886004,
    7.939773296511683,
    8.997777503361593,
    14.333178293735132,
    11.496086290559932,
    12.749901960407382,
    5.878775382679628,
    8.763560920082657,
    12.106196760337244,
    21.06751053162191,
    15.615377036754508,
    12.86234815265082,
    17.045820602130014,
    17.99555500672319,
    17.46310396235446,
    21.15088650624366,
    14.344336861632886,
    12.623787070447602,
    14.17603611733548,
    12.172099243762352,
    13.059862173851606,
    14.108153670838718,
    17.590906741836818,
    13.481839637082176,
    10.476640682967037,
    13.948476619330155,
    17.0926884953772,
    7.418894796396563,
    9.26066952223218,
    19.895728184713423,
    14.344336861632888,
    25.63123094976127,
    16.316862443496913,
    8.44748483277715,
    18.03995565404749,
    8.63481325796916,
    15.14727698300919,
    12.749901960407382,
    8.616263691415208,
    16.75231327309754,
    15.104966070799364,
    18.65904606350496,
    8.294576541331088,
    11.565465835840769,
    9.583318840568753,
    5.932958789676531,
    8.634813257969162,
    8.854377448471462,
    13.46996659238619,
    11.523888232710346,
    8.138795979750322,
    12.419339757008018,
    2.939387691339814,
    10.807404868885037,
    8.541662601625049,
    8.255906976220118,
    10.353743284435827,
    6.523802572120037,
    4.6303347611160905,
    5.74108003776293,
    3.7094473981982814,
    2.65329983228432,
    5.455272678794342,
    1.5999999999999999,
    2.7129319932501077,
    13.422369388450015,
    0.9797958971132712,
    6.974238309665077,
    7.58946638440411,
    7.418894796396564,
    4.664761515876241
  ]
}