{
  "mean": [
    8.4,
    55.6,
    51.6,
    46.4,
    48.4,
    55.2,
    58.8,
    52.8,
    56.4,
    59.6,
    58.4,
    60.8,
    48.0,
    59.2,
    55.2,
    63.2,
    62.4,
    58.4,
    67.6,
    68.8,
    75.6,
    69.2,
    73.2,
    73.2,
    60.4,
    68.0,
    66.0,
    76.4,
    70.0,
    71.2,
    78.4,
    75.6,
    83.6,
    86.0,
    75.6,
    75.2,
    83.2,
    82.0,
    80.8,
    88.0,
    92.8,
    94.8,
    86.8,
    97.2,
    88.8,
    88.8,
    92.4,
    87.6,
    90.0,
    90.0,
    98.8,
    94.8,
    87.2,
    97.6,
    92.8,
    100.8,
    102.0,
    93.6,
    97.2,
    95.2,
    104.4,
    105.2,
    102.8,
    102.4,
    102.4,
    97.2,
    107.2,
    99.6,
    104.0,
    103.2,
    102.0,
    101.2,
    103.2,
    109.6,
    102.4,
    105.6,
    104.8,
    106.4,
    104.0,
    111.6,
    108.0,
    108.8,
    109.2,
    101.2,
    106.0,
    106.4,
    108.8,
    107.6,
    107.6,
    100.4,
    109.2,
    106.8,
    113.2,
    104.8,
    108.8,
    107.6,
    107.2,
    105.2,
    111.2,
    112.0
  ],
  "std": [
    1.9595917942265424,
    10.307278981380101,
    7.310266752998826,
    8.138795979750322,
    3.8781438859330635,
    9.682974749528164,
    6.523802572120037,
    7.222188034107115,
    13.52922762023021,
    4.6303347611160905,
    13.047605144240071,
    15.315351775261318,
    4.0,
    16.228370220080635,
    11.906300852909775,
    8.818163074019441,
    11.271202242884296,
    5.276362383309167,
    19.652989594461197,
    15.104966070799366,
    17.130090484291088,
    9.173875952943773,
    9.927738916792684,
    8.818163074019441,
    13.230268326832983,
    14.25482374496437,
    6.572670690061994,
    11.2,
    14.696938456699069,
    23.103246525109842,
    12.483589227461787,
    20.175232340669584,
    10.229369482035537,
    12.457929201917949,
    22.957351763650788,
    26.88047618625831,
    23.412817002659036,
    21.354156504062622,
    21.96724834839357,
    25.612496949731394,
    19.124852940611074,
    17.325126262166172,
    22.076231562474607,
    20.999047597450698,
    20.807690885823924,
    22.400000000000002,
    18.347751905887545,
    13.937001112147477,
    20.97617696340303,
    21.428952377566198,
    17.95995545651492,
    24.284974778656863,
    23.81931988953505,
    25.718475849085614,
    32.01499648602198,
    14.005713120009277,
    13.856406460551018,
    20.72293415518179,
    19.579581200832667,
    25.19047439013406,
    27.22939588018801,
    20.023985617254123,
    21.967248348393568,
    20.25438224187546,
    19.975985582694037,
    25.253910588263356,
    14.783774890061064,
    23.26886331559838,
    22.733235581412515,
    23.886397802933786,
    23.46060527778429,
    22.292599668948437,
    21.747643550509096,
    13.937001112147476,
    27.288092641296863,
    20.915066339842195,
    27.440116617827993,
    17.499714283381888,
    19.05780679931455,
    12.026637102698325,
    14.75127113166862,
    17.045820602130014,
    14.5657131648265,
    20.1037309970065,
    16.637307474468336,
    12.483589227461787,
    15.471263684650975,
    15.818975946628152,
    15.200000000000001,
    13.588230201170422,
    9.846826900072937,
    10.85172797300043,
    9.086253353280437,
    11.973303637676612,
    13.948476619330155,
    12.2245654319489,
    18.00444389588304,
    17.232527382830412,
    13.717142559585797,
    12.198360545581526
  ]
}