{
  "mean": [
    9.6,
    54.4,
    49.2,
    60.0,
    52.4,
    47.6,
    52.4,
    58.0,
    50.8,
    53.2,
    56.4,
    58.8,
    62.4,
    61.2,
    65.6,
    61.6,
    62.8,
    61.2,
    64.8,
    67.6,
    65.6,
    70.4,
    69.6,
    73.2,
    74.0,
    76.0,
    62.4,
    68.8,
    82.4,
    96.0,
    85.6,
    86.0,
    81.6,
    81.6,
    94.8,
    92.0,
    90.8,
    101.2,
    101.6,
    97.2,
    99.2,
    106.0,
    101.6,
    107.2,
    99.6,
    94.0,
    110.0,
    103.2,
    106.0,
    108.8,
    109.2,
    104.8,
    110.0,
    109.2,
    115.2,
    110.4,
    114.4,
    106.4,
    108.8,
    116.0,
    114.8,
    114.0,
    112.8,
    112.8,
    109.6,
    107.2,
    112.4,
    117.2,
    116.4,
    118.4,
    110.4,
    110.8,
    117.2,
    108.8,
    114.4,
    113.6,
    113.2,
    108.0,
    110.4,
    116.0,
    112.8,
    117.6,
    116.4,
    117.6,
    111.2,
    108.8,
    116.8,
    118.8,
    116.8,
    118.0,
    118.4,
    116.8,
    114.8,
    116.0,
    116.0,
    118.0,
    115.6,
    117.2,
    118.0,
    113.2
  ],
  "std": [
    2.939387691339814,
    7.08801805866774,
    11.77115117564973,
    16.589153082662175,
    11.825396399275586,
    8.522910301065007,
    10.384603988597735,
    13.798550648528272,
    5.15363949069005,
    10.628264204469138,
    8.8,
    13.481839637082173,
    5.986651818838306,
    10.925200226998129,
    18.172506706560874,
    9.243376006633074,
    11.634431657799189,
    13.422369388450013,
    5.455272678794342,
    12.483589227461788,
    8.333066662399863,
    11.412274094149684,
    7.735631842325486,
    9.765244492586962,
    14.805404418657398,
    14.25482374496437,
    10.150862032359617,
    18.048822676285564,
    16.511813952440235,
    13.914021704740868,
    8.708616422830897,
    23.866294224282075,
    9.499473669630333,
    8.616263691415208,
    10.92520022699813,
    14.75127113166862,
    7.756287771866126,
    11.496086290559932,
    2.6532998322843198,
    4.308131845707604,
    16.666133324799727,
    12.712198865656562,
    15.969971822141702,
    7.332121111929343,
    12.547509713086496,
    16.73320053068151,
    9.633275663033837,
    18.443427013437606,
    13.856406460551018,
    14.783774890061064,
    9.26066952223218,
    12.302845199383759,
    9.633275663033837,
    15.829087149927503,
    5.455272678794342,
    11.482160075525858,
    8.333066662399865,
    22.392856003645452,
    9.846826900072937,
    4.381780460041329,
    7.11055553385247,
    8.579044235810887,
    3.249615361854384,
    7.332121111929345,
    7.08801805866774,
    18.356470248934023,
    8.428523002282192,
    5.6,
    3.1999999999999997,
    1.4966629547095764,
    5.986651818838306,
    15.419468213917108,
    2.0396078054371136,
    6.013318551349164,
    2.9393876913398134,
    7.08801805866774,
    6.144916598294887,
    8.0,
    8.708616422830897,
    3.794733192202055,
    4.664761515876241,
    1.4966629547095764,
    3.6660605559646724,
    1.9595917942265424,
    10.007996802557443,
    8.541662601625049,
    2.7129319932501073,
    1.5999999999999999,
    4.48998886412873,
    4.0,
    2.33238075793812,
    2.7129319932501073,
    4.995998398718719,
    4.560701700396552,
    3.794733192202055,
    3.0983866769659336,
    2.6532998322843198,
    3.919183588453085,
    2.1908902300206643,
    5.6000000000000005
  ]
}